id,controller,handler,method,path
"EP-001","AuditLogController","getLogs","GET","/admin/audit-logs"
"EP-002","CompanyController","getById","GET","/admin/company/{id:\\d+}"
"EP-003","CompanyController","toggleActivo","PATCH","/admin/company/{id}/toggle-active"
"EP-004","CompanyController","updateCompany","PUT","/admin/company/{id}"
"EP-005","CompanyController","listar","GET","/admin/company/list"
"EP-006","CompanyController","getCompany","GET","/admin/company"
"EP-007","CompanyController","saveCompany","POST","/admin/company"
"EP-008","CompanyController","updateCompanyLegacy","PUT","/admin/company"
"EP-009","TipoEmpleadoController","cambiarEstado","PATCH","/admin/employee-types/{id}/status"
"EP-010","TipoEmpleadoController","delete","DELETE","/admin/employee-types/{id}"
"EP-011","TipoEmpleadoController","update","PUT","/admin/employee-types/{id}"
"EP-012","TipoEmpleadoController","getAll","GET","/admin/employee-types"
"EP-013","TipoEmpleadoController","create","POST","/admin/employee-types"
"EP-014","EmpleadoController","cloneDaySchedule","POST","/admin/employees/{id}/clone-day"
"EP-015","EmpleadoController","cloneWeekSchedule","POST","/admin/employees/{id}/clone-week"
"EP-016","EmpleadoController","deleteBulkSchedule","DELETE","/admin/employees/{id}/schedule-bulk"
"EP-017","EmpleadoController","assignBulkSchedule","POST","/admin/employees/{id}/schedule-bulk"
"EP-018","EmpleadoController","getHorario","GET","/admin/employees/{id}/schedule"
"EP-019","EmpleadoController","cambiarEstado","PATCH","/admin/employees/{id}/status"
"EP-020","EmpleadoController","eliminar","DELETE","/admin/employees/{id}"
"EP-021","EmpleadoController","findById","GET","/admin/employees/{id}"
"EP-022","EmpleadoController","updateEmpleado","PUT","/admin/employees/{id}"
"EP-023","EmpleadoController","deleteHorario","DELETE","/admin/employees/schedule/{scheduleId}"
"EP-024","EmpleadoController","updateHorario","PUT","/admin/employees/schedule/{scheduleId}"
"EP-025","EmpleadoController","getSchedulesReport","GET","/admin/employees/schedules-report"
"EP-026","EmpleadoController","listar","GET","/admin/employees"
"EP-027","EmpleadoController","registerEmpleado","POST","/admin/employees"
"EP-028","RoleController","toggleActivo","PATCH","/admin/roles/{id}/toggle-active"
"EP-029","RoleController","getVistas","GET","/admin/roles/{id}/views"
"EP-030","RoleController","saveVistas","PUT","/admin/roles/{id}/views"
"EP-031","RoleController","deleteRole","DELETE","/admin/roles/{id}"
"EP-032","RoleController","updateRole","PUT","/admin/roles/{id}"
"EP-033","RoleController","getRolesByCompany","GET","/admin/roles/company"
"EP-034","RoleController","getSystemRoles","GET","/admin/roles/system"
"EP-035","RoleController","getAllRoles","GET","/admin/roles"
"EP-036","RoleController","createRole","POST","/admin/roles"
"EP-037","EspecialidadController","delete","DELETE","/admin/specialties/{id}"
"EP-038","EspecialidadController","update","PUT","/admin/specialties/{id}"
"EP-039","EspecialidadController","getAll","GET","/admin/specialties"
"EP-040","EspecialidadController","create","POST","/admin/specialties"
"EP-041","UsuarioController","resetPassword","POST","/admin/users/reset-password"
"EP-042","AdminController","registerVeterinario","POST","/admin/veterinarians"
"EP-043","VistaController","eliminar","DELETE","/admin/views/{id}"
"EP-044","VistaController","actualizar","PUT","/admin/views/{id}"
"EP-045","VistaController","reordenar","PUT","/admin/views/reorder"
"EP-046","VistaController","listar","GET","/admin/views"
"EP-047","VistaController","crear","POST","/admin/views"
"EP-048","VentanaController","eliminar","DELETE","/admin/windows/{id}"
"EP-049","VentanaController","obtener","GET","/admin/windows/{id}"
"EP-050","VentanaController","actualizar","PUT","/admin/windows/{id}"
"EP-051","VentanaController","listar","GET","/admin/windows"
"EP-052","VentanaController","crear","POST","/admin/windows"
"EP-053","CitaController","cancelarCita","DELETE","/appointments/{id}/cancel"
"EP-054","CitaController","patchReprogramarCita","PATCH","/appointments/{id}/reschedule"
"EP-055","CitaController","reprogramarCita","PUT","/appointments/{id}/reschedule"
"EP-056","CitaController","iniciarAtencion","PATCH","/appointments/{id}/start"
"EP-057","CitaController","eliminarCita","DELETE","/appointments/{id}"
"EP-058","CitaController","actualizarCita","PUT","/appointments/{id}"
"EP-059","CitaController","getAdminDisponibilidad","GET","/appointments/availability"
"EP-060","CitaController","getServiciosNoMedicos","GET","/appointments/mascota/{mascotaId}/servicios"
"EP-061","CitaController","listar","GET","/appointments"
"EP-062","CitaController","createCita","POST","/appointments"
"EP-063","AuthController","changePassword","POST","/auth/change-password"
"EP-064","AuthController","forgotPassword","POST","/auth/forgot-password"
"EP-065","AuthController","login","POST","/auth/login"
"EP-066","AuthController","logout","POST","/auth/logout"
"EP-067","AuthController","getProfile","GET","/auth/profile/{id}"
"EP-068","AuthController","refresh","POST","/auth/refresh"
"EP-069","AuthController","register","POST","/auth/register"
"EP-070","AuthController","resendVerification","POST","/auth/resend-verification"
"EP-071","AuthController","resetPassword","POST","/auth/reset-password"
"EP-072","AuthController","setupAccount","POST","/auth/setup-account"
"EP-073","AuthController","suspendAccount","PUT","/auth/suspend/{id}"
"EP-074","AuthController","switchRole","POST","/auth/switch-role"
"EP-075","AuthController","validateResetToken","GET","/auth/validate-reset-token"
"EP-076","AuthController","verifyEmail","GET","/auth/verify/{token}"
"EP-077","RazaController","listar","GET","/breeds"
"EP-078","RazaController","crear","POST","/breeds"
"EP-079","CajaController","registrarDevolucion","POST","/caja/devolucion/{citaId}"
"EP-080","CajaController","registrarEgreso","POST","/caja/egreso"
"EP-081","CajaController","resumen","GET","/caja/resumen"
"EP-082","CajaController","listar","GET","/caja"
"EP-083","ApoderadoController","cambiarEstado","PATCH","/clients/guardians/{id}/status"
"EP-084","ApoderadoController","eliminar","DELETE","/clients/guardians/{id}"
"EP-085","ApoderadoController","findById","GET","/clients/guardians/{id}"
"EP-086","ApoderadoController","updateApoderado","PUT","/clients/guardians/{id}"
"EP-087","ApoderadoController","listar","GET","/clients/guardians"
"EP-088","ApoderadoController","registerApoderado","POST","/clients/guardians"
"EP-089","ApoderadoPortalController","cancelPortalCita","DELETE","/clients/portal/appointments/{id}/cancel"
"EP-090","ApoderadoPortalController","reschedulePortalCita","PUT","/clients/portal/appointments/{id}/reschedule"
"EP-091","ApoderadoPortalController","updatePortalCita","PUT","/clients/portal/appointments/{id}"
"EP-092","ApoderadoPortalController","getCitas","GET","/clients/portal/appointments"
"EP-093","ApoderadoPortalController","createPortalCita","POST","/clients/portal/appointments"
"EP-094","ApoderadoPortalController","getDisponibilidad","GET","/clients/portal/availability"
"EP-095","ApoderadoPortalController","getHorarioEmpleado","GET","/clients/portal/employees/{employeeId}/schedule"
"EP-096","ApoderadoPortalController","getEmpleados","GET","/clients/portal/employees"
"EP-097","ApoderadoPortalController","getPaymentHistory","GET","/clients/portal/payments"
"EP-098","ApoderadoPortalController","getHistoriaMascota","GET","/clients/portal/pets/{petId}/medical-record"
"EP-099","ApoderadoPortalController","getMascotasPaginated","GET","/clients/portal/pets/paginated"
"EP-100","ApoderadoPortalController","getMascotas","GET","/clients/portal/pets"
"EP-101","ApoderadoPortalController","getRecetas","GET","/clients/portal/prescriptions"
"EP-102","ApoderadoPortalController","getPerfil","GET","/clients/portal/profile"
"EP-103","ApoderadoPortalController","getServicios","GET","/clients/portal/services"
"EP-104","ArchivoClinicoController","servirContenido","GET","/consultations/{consultationId}/files/{id}/content"
"EP-105","ArchivoClinicoController","eliminar","DELETE","/consultations/{consultationId}/files/{id}"
"EP-106","ArchivoClinicoController","subirArchivo","POST","/consultations/{consultationId}/files/multipart/form-data"
"EP-107","ArchivoClinicoController","listarArchivos","GET","/consultations/{consultationId}/files"
"EP-108","ConsultaController","cerrarConsulta","PATCH","/consultations/{id}/close"
"EP-109","ConsultaController","getConsultaById","GET","/consultations/{id}"
"EP-110","ConsultaController","updateConsulta","PUT","/consultations/{id}"
"EP-111","DashboardController","getStats","GET","/dashboard/stats"
"EP-112","HealthController","health","GET","/health"
"EP-113","LaboratorioIAController","analizarLaboratorio","POST","/laboratorio/analizar"
"EP-114","MediaController","getResource","GET","/media/{filename:.+}"
"EP-115","MediaController","uploadMedia","POST","/media/upload"
"EP-116","HistoriaClinicaController","getDetalle","GET","/medical-records/{id}"
"EP-117","HistoriaClinicaController","getPorNumeroHc","GET","/medical-records/numero/{numeroHc}"
"EP-118","HistoriaClinicaController","getPorMascota","GET","/medical-records/pet/{petId}"
"EP-119","HistoriaClinicaController","buscar","GET","/medical-records"
"EP-120","PagoController","obtenerPorCita","GET","/payments/appointment/{appointmentId}"
"EP-121","PagoController","listarHistorialPorEmpresa","GET","/payments/history"
"EP-122","PagoController","misPagos","GET","/payments/portal/my-payments"
"EP-123","PagoController","listarTodos","GET","/payments"
"EP-124","PagoController","registrar","POST","/payments"
"EP-125","MascotaController","cambiarEstado","PATCH","/pets/{id}/status"
"EP-126","MascotaController","obtenerPorId","GET","/pets/{id}"
"EP-127","MascotaController","updateMascota","PUT","/pets/{id}"
"EP-128","MascotaController","obtenerPorUuid","GET","/pets/uuid/{uuid}"
"EP-129","MascotaController","listar","GET","/pets"
"EP-130","MascotaController","registerMascota","POST","/pets"
"EP-131","PrescripcionController","eliminar","DELETE","/prescriptions/{id}"
"EP-132","PrescripcionController","actualizar","PUT","/prescriptions/{id}"
"EP-133","PrescripcionController","listarPorConsulta","GET","/prescriptions/consultation/{consultationId}"
"EP-134","PrescripcionController","crear","POST","/prescriptions/consultation/{consultationId}"
"EP-135","PrescripcionController","buscar","GET","/prescriptions"
"EP-136","ControlPreventivoController","desparasitar","POST","/preventive-controls/consultations/{consultationId}/dewormings"
"EP-137","ControlPreventivoController","vacunar","POST","/preventive-controls/consultations/{consultationId}/vaccinations"
"EP-138","ControlPreventivoController","aplicaciones","GET","/preventive-controls/pets/{petId}/applications"
"EP-139","ControlPreventivoController","listarTipos","GET","/preventive-controls/pets/{petId}/vaccine-types"
"EP-140","ControlPreventivoController","listar","GET","/preventive-controls/pets/{petId}"
"EP-141","ControlPreventivoController","programar","POST","/preventive-controls/pets/{petId}"
"EP-142","ControlPreventivoController","crearTipo","POST","/preventive-controls/vaccine-types"
"EP-143","ProfileController","getMySchedule","GET","/profile/schedule"
"EP-144","ProfileController","getMyProfile","GET","/profile"
"EP-145","ProfileController","updateMyProfile","PUT","/profile"
"EP-146","RadiografiaIAController","analizarRadiografia","POST","/radiografia/analizar"
"EP-147","ServicioController","toggleDisponible","PATCH","/services/{id}/toggle"
"EP-148","ServicioController","eliminar","DELETE","/services/{id}"
"EP-149","ServicioController","actualizar","PUT","/services/{id}"
"EP-150","ServicioController","listarDisponibles","GET","/services/available"
"EP-151","ServicioController","listar","GET","/services"
"EP-152","ServicioController","crear","POST","/services"
"EP-153","SetupController","createFirstAdmin","POST","/setup/first-admin"
"EP-154","UsuarioPorRolController","asignarRol","POST","/users/{userId}/roles/{roleId}"
"EP-155","UsuarioPorRolController","listarRoles","GET","/users/{userId}/roles"
"EP-156","UsuarioPorRolController","miMenu","GET","/users/me/menu"
"EP-157","UsuarioPorRolController","asignarPermiso","POST","/users/roles/{userRoleId}/permissions"
"EP-158","UsuarioPorRolController","revocarRol","DELETE","/users/roles/{userRoleId}"
